term,coefficient,std_error,p_value
Intercept,9.220329174394601,0.024177718085778115,0.0
disclosure_index_z,0.02137264009533295,0.0023439418132296906,7.634933993244983e-20
is_private,-0.0664221312371745,0.006877861196393501,4.574045622396641e-22
disclosure_index_z:is_private,-0.0010903600195595296,0.006535005968805051,0.8674887652402139
